<?xml version="1.0" encoding="UTF-8"?>
<trades>
	<trade>
		<isin>XYZ0001</isin>
		<quantity>5</quantity>
		<price>11.39</price>
		<customer>Customer1</customer>
	</trade>
	<trade>
		<isin>XYZ0002</isin>
		<quantity>2</quantity>
		<price>72.99</price>
		<customer>Customer2c</customer>
	</trade>
	<trade>
		<isin>XYZ0003</isin>
		<quantity>9</quantity>
		<price>99.99</price>
		<customer>Customer3</customer>
	</trade>
	<trade>
		<isin>XYZ0001</isin>
		<quantity>5</quantity>
		<price>11.39</price>
		<customer>Customer1</customer>
	</trade>
	<trade>
		<isin>XYZ0002</isin>
		<quantity>2</quantity>
		<price>72.99</price>
		<customer>Customer2c</customer>
	</trade>
	<trade>
		<isin>XYZ0003</isin>
		<quantity>9</quantity>
		<price>99.99</price>
		<customer>Customer3</customer>
	</trade>
	<trade>
		<isin>XYZ0001</isin>
		<quantity>5</quantity>
		<price>11.39</price>
		<customer>Customer1</customer>
	</trade>
	<trade>
		<isin>XYZ0002</isin>
		<quantity>2</quantity>
		<price>72.99</price>
		<customer>Customer2c</customer>
	</trade>
	<trade>
		<isin>XYZ0003</isin>
		<quantity>9</quantity>
		<price>99.99</price>
		<customer>Customer3</customer>
	</trade>
</trades>