<?xml version="1.0" encoding="UTF-8"?>
<beans xmlns="http://www.springframework.org/schema/beans"
	xmlns:xsi="http://www.w3.org/2001/XMLSchema-instance"
	xsi:schemaLocation="http://www.springframework.org/schema/batch http://www.springframework.org/schema/batch/spring-batch-2.1.xsd
		http://www.springframework.org/schema/beans http://www.springframework.org/schema/beans/spring-beans-2.5.xsd">

	<description>Example job to get you started. It provides a
		skeleton for a typical batch application.</description>

	<job id="job1" xmlns="http://www.springframework.org/schema/batch" incrementer="jobParametersIncrementer">
		<step id="step1" parent="simpleStep">
			<tasklet>
				<chunk reader="reader" writer="writer" />
			</tasklet>
		</step>
	</job>

	<bean id="reader" class="example.ExampleItemReader" />
	<bean id="writer" class="example.ExampleItemWriter" />
	
	<!-- enables the functionality of JobOperator.startNextInstance(jobName) -->
	<bean id="jobParametersIncrementer" class="org.springframework.batch.core.launch.support.RunIdIncrementer" />

	<bean id="simpleStep"
		class="org.springframework.batch.core.step.item.SimpleStepFactoryBean"
		abstract="true">
		<property name="transactionManager" ref="transactionManager" />
		<property name="jobRepository" ref="jobRepository" />
		<property name="startLimit" value="100" />
		<property name="commitInterval" value="1" />
	</bean>

</beans>
