<?xml version="1.0" encoding="UTF-8"?>
<beans xmlns="http://www.springframework.org/schema/beans"
	xmlns:xsi="http://www.w3.org/2001/XMLSchema-instance"
	xsi:schemaLocation="http://www.springframework.org/schema/beans http://www.springframework.org/schema/beans/spring-beans.xsd">


	<bean id="itemReader"
		class="org.springframework.batch.item.database.IbatisPagingItemReader">
		<property name="queryId" value="getAllCustomerCredits" />
		<property name="sqlMapClient" ref="sqlMapClient" />
	</bean>

	<bean id="itemWriter"
		class="org.springframework.batch.item.database.IbatisBatchItemWriter">
		<property name="statementId" value="updateCredit" />
		<property name="sqlMapClient" ref="sqlMapClient" />
	</bean>
	
	<bean id="sqlMapClient" class="org.springframework.orm.ibatis.SqlMapClientFactoryBean">
		<property name="dataSource" ref="dataSource" />
		<property name="configLocation" value="ibatis-config.xml" />	
	</bean>

</beans>
