<?xml version="1.0" encoding="UTF-8"?>
<beans xmlns="http://www.springframework.org/schema/beans" 
	xmlns:p="http://www.springframework.org/schema/p" 
	xmlns:xsi="http://www.w3.org/2001/XMLSchema-instance"
	xsi:schemaLocation="http://www.springframework.org/schema/beans 
       	http://www.springframework.org/schema/beans/spring-beans-2.5.xsd">

	<import resource="classpath:/META-INF/spring/module-context.xml"/>

	<bean id="jobOperator"
		class="org.springframework.batch.core.launch.support.SimpleJobOperator"
		p:jobLauncher-ref="jobLauncher" p:jobExplorer-ref="jobExplorer"
		p:jobRepository-ref="jobRepository" p:jobRegistry-ref="jobRegistry" />

	<bean id="jobExplorer"
		class="org.springframework.batch.core.explore.support.JobExplorerFactoryBean"
		p:dataSource-ref="dataSource" />

	<bean id="jobRegistry"
		class="org.springframework.batch.core.configuration.support.MapJobRegistry" />
		
	<bean class="org.springframework.batch.core.configuration.support.JobRegistryBeanPostProcessor">
		<property name="jobRegistry" ref="jobRegistry"/>
	</bean>
	
	<bean id="jobLauncher"
		class="org.springframework.batch.core.launch.support.SimpleJobLauncher">
		<property name="jobRepository" ref="jobRepository" />
	</bean>
	
	<bean id="jobRepository"
		class="org.springframework.batch.core.repository.support.JobRepositoryFactoryBean"
		p:dataSource-ref="dataSource" p:transactionManager-ref="transactionManager" />

	<bean id="dataSource" class="org.apache.commons.dbcp.BasicDataSource">
		<property name="driverClassName" value="${batch.jdbc.driver}" />
		<property name="url" value="${batch.jdbc.url}" />
		<property name="username" value="${batch.jdbc.user}" />
		<property name="password" value="${batch.jdbc.password}" />
	</bean>

	<bean id="transactionManager" class="org.springframework.jdbc.datasource.DataSourceTransactionManager" lazy-init="true">
		<property name="dataSource" ref="dataSource" />
	</bean>

	<bean id="placeholderProperties" class="org.springframework.beans.factory.config.PropertyPlaceholderConfigurer">
		<property name="location" value="classpath:batch.properties" />
		<property name="systemPropertiesModeName" value="SYSTEM_PROPERTIES_MODE_OVERRIDE" />
		<property name="ignoreUnresolvablePlaceholders" value="true" />
		<property name="order" value="1" />
	</bean>

	<!-- Initialize the datasource - remove this bean definition for production use! -->
	<bean id="dataSourceInitializer" class="test.jdbc.datasource.DataSourceInitializer">
		<property name="dataSource" ref="dataSource"/>
		<property name="initScripts" value="${batch.schema.script}"/>
	</bean>

</beans>
